,xmin,ymin,xmax,ymax,confidence,class,name
0,66.49815368652344,88.20230102539062,489.0016784667969,1196.5396728515625,0.7116765379905701,0,person
1,427.975830078125,113.40585327148438,784.3349609375,1167.9166259765625,0.6012130975723267,0,person
2,517.9974365234375,845.2955932617188,734.3884887695312,1137.45068359375,0.41359785199165344,26,handbag
3,0.38176771998405457,0.0,192.51461791992188,679.3054809570312,0.3250575661659241,58,potted plant
4,796.27001953125,792.454833984375,899.95361328125,1183.693603515625,0.2649191915988922,58,potted plant
