,xmin,ymin,xmax,ymax,confidence,class,name
0,745.5787353515625,48.4703369140625,1142.6943359375,720.0,0.8689097762107849,0,person
1,124.74435424804688,197.33447265625,844.396728515625,716.650634765625,0.6303239464759827,0,person
2,441.23870849609375,439.3506774902344,498.38079833984375,708.5709228515625,0.6167935132980347,27,tie
3,594.081787109375,377.3003234863281,635.4239501953125,437.1477966308594,0.27401480078697205,67,cell phone
